Workbook

Sheet 气体参数
A1: GAS ID | B1: GAS NAME | C1: SHR | D1: MW | E1: COEFF1 | F1: COEFF2 | G1: alpha | H1: a | I1: b | J1: c | K1: d
A2: 1 | B2: HE | C2: 1.667 | D2: 4.002 | E2: 1.115 | F2: 0.36302532 | G2: 0.48709217 | H2: 1 | I2: 0 | J2: 0 | K2: 0 | M2: set_gas= | N2: =$M$12&($M$2&A2)&CHAR(10)&$M$3&C2&CHAR(10)&$M$4&D2&CHAR(10)&$M$5&E2&CHAR(10)&$M$6&F2&CHAR(10)&$M$7&G2&CHAR(10)&$M$8&H2&CHAR(10)&$M$9&I2&CHAR(10)&$M$10&J2&CHAR(10)&$M$11&K2 -> header set_gas=1 set_shr=1.667 set_mw=4.002 set_c1=1.115 set_c2=0.363025318922611 set_c3=0.487092169440701 set_a=1 set_b=0 set_c=0 set_d=0
A3: 4 | B3: AR | C3: 1.667 | D3: 39.948 | E3: 1.269 | F3: 0.11490209 | G3: 0.48709217 | H3: 1 | I3: 0 | J3: 0 | K3: 0 | M3: set_shr= | N3: =$M$12&($M$2&A3)&CHAR(10)&$M$3&C3&CHAR(10)&$M$4&D3&CHAR(10)&$M$5&E3&CHAR(10)&$M$6&F3&CHAR(10)&$M$7&G3&CHAR(10)&$M$8&H3&CHAR(10)&$M$9&I3&CHAR(10)&$M$10&J3&CHAR(10)&$M$11&K3 -> header set_gas=4 set_shr=1.667 set_mw=39.948 set_c1=1.269 set_c2=0.114902092344169 set_c3=0.487092169440701 set_a=1 set_b=0 set_c=0 set_d=0
A4: 13 | B4: N2 | C4: 1.4 | D4: 28 | E4: 1 | F4: 0.12940208 | G4: 0.52828179 | H4: 1 | I4: 0 | J4: 0 | K4: 0 | M4: set_mw= | N4: =$M$12&($M$2&A4)&CHAR(10)&$M$3&C4&CHAR(10)&$M$4&D4&CHAR(10)&$M$5&E4&CHAR(10)&$M$6&F4&CHAR(10)&$M$7&G4&CHAR(10)&$M$8&H4&CHAR(10)&$M$9&I4&CHAR(10)&$M$10&J4&CHAR(10)&$M$11&K4 -> header set_gas=13 set_shr=1.4 set_mw=28 set_c1=1 set_c2=0.129402082031238 set_c3=0.528281787717174 set_a=1 set_b=0 set_c=0 set_d=0
A5: 25 | B5: CO2 | C5: 1.289 | D5: 44.01 | E5: 0.8366 | F5: 0.10028132 | G5: 0.5477235 | H5: 1 | I5: 0 | J5: 0 | K5: 0 | M5: set_c1= | N5: =$M$12&($M$2&A5)&CHAR(10)&$M$3&C5&CHAR(10)&$M$4&D5&CHAR(10)&$M$5&E5&CHAR(10)&$M$6&F5&CHAR(10)&$M$7&G5&CHAR(10)&$M$8&H5&CHAR(10)&$M$9&I5&CHAR(10)&$M$10&J5&CHAR(10)&$M$11&K5 -> header set_gas=25 set_shr=1.289 set_mw=44.01 set_c1=0.8366 set_c2=0.100281321601283 set_c3=0.547723501628019 set_a=1 set_b=0 set_c=0 set_d=0
A6: 110 | B6: SF6 | C6: 1.1 | D6: 146 | E6: 0.853 | F6: 0.052003464 | G6: 0.58467929 | H6: 1 | I6: 0 | J6: 0 | K6: 0 | M6: set_c2= | N6: =$M$12&($M$2&A6)&CHAR(10)&$M$3&C6&CHAR(10)&$M$4&D6&CHAR(10)&$M$5&E6&CHAR(10)&$M$6&F6&CHAR(10)&$M$7&G6&CHAR(10)&$M$8&H6&CHAR(10)&$M$9&I6&CHAR(10)&$M$10&J6&CHAR(10)&$M$11&K6 -> header set_gas=110 set_shr=1.1 set_mw=146 set_c1=0.853 set_c2=0.0520034641302041 set_c3=0.584679289086437 set_a=1 set_b=0 set_c=0 set_d=0
A7: 108 | B7: sicl4 | C7: 1.1 | D7: 169.9 | E7: 0.98 | F7: 0.048207212 | G7: 0.58467929 | H7: 4.0032 | I7: 1149.8 | J7: -43.04 | K7: 20 | M7: set_c3= | N7: =$M$12&($M$2&A7)&CHAR(10)&$M$3&C7&CHAR(10)&$M$4&D7&CHAR(10)&$M$5&E7&CHAR(10)&$M$6&F7&CHAR(10)&$M$7&G7&CHAR(10)&$M$8&H7&CHAR(10)&$M$9&I7&CHAR(10)&$M$10&J7&CHAR(10)&$M$11&K7 -> header set_gas=108 set_shr=1.1 set_mw=169.9 set_c1=0.98 set_c2=0.0482072117274695 set_c3=0.584679289086437 set_a=4.0032 set_b=1149.8 set_c=-43.04 set_d=20
A8: 15 | B8: O2 | C8: 1.4 | D8: 32 | E8: 1.15 | F8: 0.12104456 | G8: 0.52828179 | H8: 1 | I8: 0 | J8: 0 | K8: 0 | M8: set_a= | N8: =$M$12&($M$2&A8)&CHAR(10)&$M$3&C8&CHAR(10)&$M$4&D8&CHAR(10)&$M$5&E8&CHAR(10)&$M$6&F8&CHAR(10)&$M$7&G8&CHAR(10)&$M$8&H8&CHAR(10)&$M$9&I8&CHAR(10)&$M$10&J8&CHAR(10)&$M$11&K8 -> header set_gas=15 set_shr=1.4 set_mw=32 set_c1=1.15 set_c2=0.121044564024027 set_c3=0.528281787717174 set_a=1 set_b=0 set_c=0 set_d=0
A9: 297 | B9: c4f6 | C9: 1.06 | D9: 162 | E9: 0.853 | F9: 0.048699339 | G9: 0.59321077 | H9: 0.06 | I9: 0 | J9: 0 | K9: 0 | M9: set_b= | N9: =$M$12&($M$2&A9)&CHAR(10)&$M$3&C9&CHAR(10)&$M$4&D9&CHAR(10)&$M$5&E9&CHAR(10)&$M$6&F9&CHAR(10)&$M$7&G9&CHAR(10)&$M$8&H9&CHAR(10)&$M$9&I9&CHAR(10)&$M$10&J9&CHAR(10)&$M$11&K9 -> header set_gas=297 set_shr=1.06 set_mw=162 set_c1=0.853 set_c2=0.0486993391548769 set_c3=0.59321077406382 set_a=0.06 set_b=0 set_c=0 set_d=0
A10: 28 | B10: ch4 | C10: 1.32 | D10: 16 | E10: 0.58 | F10: 0.16771301 | G10: 0.54213918 | H10: 1 | I10: 0 | J10: 0 | K10: 0 | M10: set_c= | N10: =$M$12&($M$2&A10)&CHAR(10)&$M$3&C10&CHAR(10)&$M$4&D10&CHAR(10)&$M$5&E10&CHAR(10)&$M$6&F10&CHAR(10)&$M$7&G10&CHAR(10)&$M$8&H10&CHAR(10)&$M$9&I10&CHAR(10)&$M$10&J10&CHAR(10)&$M$11&K10 -> header set_gas=28 set_shr=1.32 set_mw=16 set_c1=0.58 set_c2=0.167713013820073 set_c3=0.542139179851747 set_a=1 set_b=0 set_c=0 set_d=0
A11: 34 | B11: cos | C11: 1.25 | D11: 60 | E11: 0.69 | F11: 0.084955799 | G11: 0.55492896 | H11: 1 | I11: 0 | J11: 0 | K11: 0 | M11: set_d= | N11: =$M$12&($M$2&A11)&CHAR(10)&$M$3&C11&CHAR(10)&$M$4&D11&CHAR(10)&$M$5&E11&CHAR(10)&$M$6&F11&CHAR(10)&$M$7&G11&CHAR(10)&$M$8&H11&CHAR(10)&$M$9&I11&CHAR(10)&$M$10&J11&CHAR(10)&$M$11&K11 -> header set_gas=34 set_shr=1.25 set_mw=60 set_c1=0.69 set_c2=0.0849557993059992 set_c3=0.554928957306643 set_a=1 set_b=0 set_c=0 set_d=0
A12: 19 | B12: cl2 | C12: 1.33 | D12: 71 | E12: 0.768 | F12: 0.079826306 | G12: 0.54036402 | H12: 1 | I12: 0 | J12: 0 | K12: 0 | M12: header | N12: =$M$12&($M$2&A12)&CHAR(10)&$M$3&C12&CHAR(10)&$M$4&D12&CHAR(10)&$M$5&E12&CHAR(10)&$M$6&F12&CHAR(10)&$M$7&G12&CHAR(10)&$M$8&H12&CHAR(10)&$M$9&I12&CHAR(10)&$M$10&J12&CHAR(10)&$M$11&K12 -> header set_gas=19 set_shr=1.33 set_mw=71 set_c1=0.768 set_c2=0.0798263056832846 set_c3=0.54036401763595 set_a=1 set_b=0 set_c=0 set_d=0
A13: 160 | B13: ch2f2 | C13: 1.24 | D13: 52 | E13: 0.81 | F13: 0.090996579 | G13: 0.55680982 | H13: 4.262 | I13: 821.09 | J13: -28.55 | K13: 0 | N13: =$M$12&($M$2&A13)&CHAR(10)&$M$3&C13&CHAR(10)&$M$4&D13&CHAR(10)&$M$5&E13&CHAR(10)&$M$6&F13&CHAR(10)&$M$7&G13&CHAR(10)&$M$8&H13&CHAR(10)&$M$9&I13&CHAR(10)&$M$10&J13&CHAR(10)&$M$11&K13 -> header set_gas=160 set_shr=1.24 set_mw=52 set_c1=0.81 set_c2=0.090996578908725 set_c3=0.556809816030138 set_a=4.262 set_b=821.09 set_c=-28.55 set_d=0
A14: 49 | B14: chf3 | C14: 1.19 | D14: 70 | E14: 0.82 | F14: 0.077281344 | G14: 0.56642596 | H14: 1 | I14: 0 | J14: 0 | K14: 0 | N14: =$M$12&($M$2&A14)&CHAR(10)&$M$3&C14&CHAR(10)&$M$4&D14&CHAR(10)&$M$5&E14&CHAR(10)&$M$6&F14&CHAR(10)&$M$7&G14&CHAR(10)&$M$8&H14&CHAR(10)&$M$9&I14&CHAR(10)&$M$10&J14&CHAR(10)&$M$11&K14 -> header set_gas=49 set_shr=1.19 set_mw=70 set_c1=0.82 set_c2=0.0772813444103121 set_c3=0.566425958602578 set_a=1 set_b=0 set_c=0 set_d=0
A15: 10 | B15: hbr | C15: 1.38 | D15: 81 | E15: 1.07 | F15: 0.075703465 | G15: 0.53167378 | H15: 4.15 | I15: 754.97 | J15: -25.086 | K15: 0 | N15: =$M$12&($M$2&A15)&CHAR(10)&$M$3&C15&CHAR(10)&$M$4&D15&CHAR(10)&$M$5&E15&CHAR(10)&$M$6&F15&CHAR(10)&$M$7&G15&CHAR(10)&$M$8&H15&CHAR(10)&$M$9&I15&CHAR(10)&$M$10&J15&CHAR(10)&$M$11&K15 -> header set_gas=10 set_shr=1.38 set_mw=81 set_c1=1.07 set_c2=0.0757034653508419 set_c3=0.531673782783774 set_a=4.15 set_b=754.97 set_c=-25.086 set_d=0
A16: 63 | B16: cf4 | C16: 1.18 | D16: 88 | E16: 1.01 | F16: 0.068716563 | G16: 0.56839273 | H16: 1 | I16: 0 | J16: 0 | K16: 0 | N16: =$M$12&($M$2&A16)&CHAR(10)&$M$3&C16&CHAR(10)&$M$4&D16&CHAR(10)&$M$5&E16&CHAR(10)&$M$6&F16&CHAR(10)&$M$7&G16&CHAR(10)&$M$8&H16&CHAR(10)&$M$9&I16&CHAR(10)&$M$10&J16&CHAR(10)&$M$11&K16 -> header set_gas=63 set_shr=1.18 set_mw=88 set_c1=1.01 set_c2=0.0687165631285626 set_c3=0.568392728733342 set_a=1 set_b=0 set_c=0 set_d=0
A17: 53 | B17: nf3 | C17: 1.18 | D17: 71 | E17: 0.97 | F17: 0.076502141 | G17: 0.56839273 | H17: 1 | I17: 0 | J17: 0 | K17: 0 | N17: =$M$12&($M$2&A17)&CHAR(10)&$M$3&C17&CHAR(10)&$M$4&D17&CHAR(10)&$M$5&E17&CHAR(10)&$M$6&F17&CHAR(10)&$M$7&G17&CHAR(10)&$M$8&H17&CHAR(10)&$M$9&I17&CHAR(10)&$M$10&J17&CHAR(10)&$M$11&K17 -> header set_gas=53 set_shr=1.18 set_mw=71 set_c1=0.97 set_c2=0.0765021413896878 set_c3=0.568392728733342 set_a=1 set_b=0 set_c=0 set_d=0
A18: 33 | B18: ch3f | C18: 1.28 | D18: 34 | E18: 0.67 | F18: 0.11381028 | G18: 0.54936823 | H18: 1 | I18: 0 | J18: 0 | K18: 0 | N18: =$M$12&($M$2&A18)&CHAR(10)&$M$3&C18&CHAR(10)&$M$4&D18&CHAR(10)&$M$5&E18&CHAR(10)&$M$6&F18&CHAR(10)&$M$7&G18&CHAR(10)&$M$8&H18&CHAR(10)&$M$9&I18&CHAR(10)&$M$10&J18&CHAR(10)&$M$11&K18 -> header set_gas=33 set_shr=1.28 set_mw=34 set_c1=0.67 set_c2=0.113810279189924 set_c3=0.549368225211583 set_a=1 set_b=0 set_c=0 set_d=0
A19: 129 | B19: c4f8 | C19: 1.05 | D19: 200 | E19: 0.58 | F19: 0.043675754 | G19: 0.59538629 | H19: 4.254 | I19: 1007.4 | J19: -30.205 | K19: 0 | N19: =$M$12&($M$2&A19)&CHAR(10)&$M$3&C19&CHAR(10)&$M$4&D19&CHAR(10)&$M$5&E19&CHAR(10)&$M$6&F19&CHAR(10)&$M$7&G19&CHAR(10)&$M$8&H19&CHAR(10)&$M$9&I19&CHAR(10)&$M$10&J19&CHAR(10)&$M$11&K19 -> header set_gas=129 set_shr=1.05 set_mw=200 set_c1=0.58 set_c2=0.0436757539973 set_c3=0.595386285715933 set_a=4.254 set_b=1007.4 set_c=-30.205 set_d=0
A20: 70 | B20: bcl3 | C20: 1.15 | D20: 117.16 | E20: 0.62 | F20: 0.059058 | G20: 0.573778 | H20: 3.95145 | I20: 973.995 | J20: -38.994 | K20: 0 | N20: =$M$12&($M$2&A20)&CHAR(10)&$M$3&C20&CHAR(10)&$M$4&D20&CHAR(10)&$M$5&E20&CHAR(10)&$M$6&F20&CHAR(10)&$M$7&G20&CHAR(10)&$M$8&H20&CHAR(10)&$M$9&I20&CHAR(10)&$M$10&J20&CHAR(10)&$M$11&K20 -> header set_gas=70 set_shr=1.15 set_mw=117.16 set_c1=0.62 set_c2=0.059058 set_c3=0.573778 set_a=3.95145 set_b=973.995 set_c=-38.994 set_d=0
A21: 39 | B21: sih4 | C21: 1.269 | D21: 32 | E21: 0.624 | F21: =(1/D21)^0.5*(2*C21/(C21+1))^0.5*(2/(C21+1))^(1/(C21-1)) -> 0.11695516 | G21: =(2/(C21+1))^(C21/(C21-1)) -> 0.55139306 | H21: 1 | I21: 0 | J21: 0 | K21: 0 | N21: =$M$12&($M$2&A21)&CHAR(10)&$M$3&C21&CHAR(10)&$M$4&D21&CHAR(10)&$M$5&E21&CHAR(10)&$M$6&F21&CHAR(10)&$M$7&G21&CHAR(10)&$M$8&H21&CHAR(10)&$M$9&I21&CHAR(10)&$M$10&J21&CHAR(10)&$M$11&K21 -> header set_gas=39 set_shr=1.269 set_mw=32 set_c1=0.624 set_c2=0.116955155368212 set_c3=0.55139306326529 set_a=1 set_b=0 set_c=0 set_d=0
A22: 7 | B22: H2 | C22: 1.41 | D22: 2 | E22: 0.5 | F22: 0.48536857 | G22: 0.52660329 | H22: 1 | I22: 0 | J22: 0 | K22: 0
A23: 6 | B23: Xe | C23: 1.666 | D23: 131.3 | E23: 1.29 | F23: 0.063366162 | G23: 0.48723356 | H23: 1 | I23: 0 | J23: 0 | K23: 0
A24: 9 | B24: CO | C24: 1.39 | D24: 28 | E24: 1 | F24: 0.12908185 | G24: 0.52997191 | H24: 1 | I24: 0 | J24: 0 | K24: 0
A25: 11 | B25: HCl | C25: 1.4 | D25: 36.5 | E25: 0.84 | F25: 0.11333756 | G25: 0.52828179 | H25: 1 | I25: 0 | J25: 0 | K25: 0
A26: 12 | B26: HF | C26: 1.4 | D26: 20 | E26: 0.8 | F26: 0.15311061 | G26: 0.52828179 | H26: 4.91 | I26: 1556 | J26: 24 | K26: 0
A27: 18 | B27: F2 | C27: 1.36 | D27: 38 | E27: 1.28 | F27: 0.10996751 | G27: 0.53511331 | H27: 1 | I27: 0 | J27: 0 | K27: 0
A28: 26 | B28: NO2 | C28: 1.29 | D28: 46 | E28: 0.81 | F28: 0.098115056 | G28: 0.54754141 | H28: 3.35 | I28: 540 | J28: -131 | K28: 0
A29: 27 | B29: N2O | C29: 1.27 | D29: 44 | E29: 0.84 | F29: 0.099767529 | G29: 0.55120832 | H29: 1 | I29: 0 | J29: 0 | K29: 0
A30: 29 | B30: NH3 | C30: 1.3 | D30: 17 | E30: 0.57 | F30: 0.16183489 | G30: 0.54572773 | H30: 1 | I30: 0 | J30: 0 | K30: 0
A31: 30 | B31: O3 | C31: 1.27 | D31: 48 | E31: 0.84 | F31: 0.095520137 | G31: 0.55120832 | H31: 1 | I31: 0 | J31: 0 | K31: 0
A32: 31 | B32: PH3 | C32: 1.29 | D32: 34 | E32: 0.69 | F32: 0.11412351 | G32: 0.54754141 | H32: 1 | I32: 0 | J32: 0 | K32: 0
A33: 38 | B33: C2H4 | C33: 1.24 | D33: 28 | E33: 0.58 | F33: 0.12400743 | G33: 0.55680982 | H33: 1 | I33: 0 | J33: 0 | K33: 0
... A40: 32 | B40: SO2 | C40: 1.26 | D40: 64 | E40: 0.73 | F40: 0.082491311 | G40: 0.55306184 | H40: 1 | I40: 0 | J40: 0 | K40: 0

Sheet 喷嘴参数
A1: set_nozzle=0 | B1: set_bp0= | C1: set_v1=
A2: set_gerr2= | B2: set_bp1= | C2: set_v2=
A3: set_gerr1= | B3: set_bp2=
A4: set_gerr0= | B4: set_bp3=
A5: set_s1= | B5: set_bp4=
A6: set_s2= | B6: header
A7: set_tr= | B7: purge_time=120
A8: set_nozzle=1
A12: Serial Number | B12: 0.2mm | E12: 0.75mm | H12: S1 | I12: S2 | J12: Tr | K12: BP4 | L12: BP3 | M12: BP2 | N12: BP1 | O12: BP0 | P12: 体积V1 | Q12: 原始体积V2 | R12: 修正后V2 | S12: 说明 | T12: num | U12: nozzle0 | V12: bp | W12: nozzle 1
B13: Gerr2 | C13: Gerr1 | D13: Gerr0 | E13: Gerr2 | F13: Gerr1 | G13: Gerr0
A14: G23_PILOT_001 | B14: -0.338132 | C14: 2.814077 | D14: -1.645232 | E14: -2.05063 | F14: 22.54856 | G14: -10.3344 | H14: -0.052 | I14: 1.1028 | J14: 300 | K14: -6.7396555 | L14: 87.188622 | M14: -375.13868 | N14: 698.40459 | O14: -455.63894 | P14: 0.4644 | Q14: 3195 | R14: 3195 | T14: =A14 -> G23_PILOT_001 | U14: =$B$6&$A$1&CHAR(10)&$A$2&B14&CHAR(10)&$A$3&C14&CHAR(10)&$A$4&D14&CHAR(10)&$A$5&H14&CHAR(10)&$A$6&I14&CHAR(10)&$A$7&J14 -> header set_nozzle=0 set_gerr2=-0.338132 set_gerr1=2.814077 set_gerr0=-1.645232 set_s1=-0.052 set_s2=1.1028 set_tr=300 | V14: =$B$6&$B$1&O14&CHAR(10)&$B$2&N14&CHAR(10)&$B$3&M14&CHAR(10)&$B$4&L14&CHAR(10)&$B$5&K14&CHAR(10)&$B$7 -> header set_bp0=-455.638944554371 set_bp1=698.404586493478 set_bp2=-375.138679029412 set_bp3=87.1886224363897 set_bp4=-6.73965548858953 purge_time=120 | W14: =$B$6&$A$8&CHAR(10)&$A$2&E14&CHAR(10)&$A$3&F14&CHAR(10)&$A$4&G14&CHAR(10)&$A$5&H14&CHAR(10)&$A$6&I14&CHAR(10)&$A$7&J14&CHAR(10)&$C$1&P14&CHAR(10)&$C$2&R14 -> header set_nozzle=1 set_gerr2=-2.05063 set_gerr1=22.54856 set_gerr0=-10.3344 set_s1=-0.052 set_s2=1.1028 set_tr=300 set_v1=0.4644 set_v2=3195
A15: 工程样机 | B15: -0.130901 | C15: 1.543311 | D15: -0.775613 | E15: -1.80877 | F15: 20.54181 | G15: -9.74048 | H15: -0.052 | I15: 1.1028 | J15: 300 | K15: -8.7615 | L15: 113.34 | M15: -487.68 | N15: 907.93 | O15: -592.33 | P15: 0.4644 | Q15: 3195 | R15: 3195 | T15: =A15 -> 工程样机 | U15: =$B$6&$A$1&CHAR(10)&$A$2&B15&CHAR(10)&$A$3&C15&CHAR(10)&$A$4&D15&CHAR(10)&$A$5&H15&CHAR(10)&$A$6&I15&CHAR(10)&$A$7&J15 -> header set_nozzle=0 set_gerr2=-0.130901 set_gerr1=1.543311 set_gerr0=-0.775613 set_s1=-0.052 set_s2=1.1028 set_tr=300 | V15: =$B$6&$B$1&O15&CHAR(10)&$B$2&N15&CHAR(10)&$B$3&M15&CHAR(10)&$B$4&L15&CHAR(10)&$B$5&K15&CHAR(10)&$B$7 -> header set_bp0=-592.33 set_bp1=907.93 set_bp2=-487.68 set_bp3=113.34 set_bp4=-8.7615 purge_time=120 | W15: =$B$6&$A$8&CHAR(10)&$A$2&E15&CHAR(10)&$A$3&F15&CHAR(10)&$A$4&G15&CHAR(10)&$A$5&H15&CHAR(10)&$A$6&I15&CHAR(10)&$A$7&J15&CHAR(10)&$C$1&P15&CHAR(10)&$C$2&R15 -> header set_nozzle=1 set_gerr2=-1.80877 set_gerr1=20.54181 set_gerr0=-9.74048 set_s1=-0.052 set_s2=1.1028 set_tr=300 set_v1=0.4644 set_v2=3195
A16: G23_PILOT_002 | B16: -0.18542163 | C16: 1.916968 | D16: -1.4099931 | E16: -4.565761 | F16: 44.304455 | G16: -57.436039 | H16: -0.052 | I16: 1.1028 | J16: 300 | K16: -11.251649 | L16: 154.40745 | M16: -725.1148 | N16: 1478.8101 | O16: -1080.9041 | P16: 0.4644 | Q16: 3186 | R16: 3170 | S16: 2025/01/09更新 | T16: =A16 -> G23_PILOT_002 | U16: =$B$6&$A$1&CHAR(10)&$A$2&B16&CHAR(10)&$A$3&C16&CHAR(10)&$A$4&D16&CHAR(10)&$A$5&H16&CHAR(10)&$A$6&I16&CHAR(10)&$A$7&J16 -> header set_nozzle=0 set_gerr2=-0.1854216250807 set_gerr1=1.9169680267538 set_gerr0=-1.40999305747901 set_s1=-0.052 set_s2=1.1028 set_tr=300 | V16: =$B$6&$B$1&O16&CHAR(10)&$B$2&N16&CHAR(10)&$B$3&M16&CHAR(10)&$B$4&L16&CHAR(10)&$B$5&K16&CHAR(10)&$B$7 -> header set_bp0=-1080.90411587727 set_bp1=1478.81013841609 set_bp2=-725.114797601548 set_bp3=154.407451582234 set_bp4=-11.2516489823773 purge_time=120 | W16: =$B$6&$A$8&CHAR(10)&$A$2&E16&CHAR(10)&$A$3&F16&CHAR(10)&$A$4&G16&CHAR(10)&$A$5&H16&CHAR(10)&$A$6&I16&CHAR(10)&$A$7&J16&CHAR(10)&$C$1&P16&CHAR(10)&$C$2&R16 -> header set_nozzle=1 set_gerr2=-4.56576101906463 set_gerr1=44.3044554485287 set_gerr0=-57.4360388120656 set_s1=-0.052 set_s2=1.1028 set_tr=300 set_v1=0.4644 set_v2=3170
A17: G23_PILOT_003 | B17: -0.48090595 | C17: 4.6534767 | D17: -1.4931055 | E17: -4.3290426 | F17: 42.070738 | G17: -51.551859 | H17: -0.052 | I17: 1.1028 | J17: 300 | K17: -14.106183 | L17: 195.66123 | M17: -938.62558 | N17: 1947.9646 | O17: -1453.5292 | P17: 0.4644 | Q17: 3189 | R17: 3189 | T17: =A17 -> G23_PILOT_003 | U17: =$B$6&$A$1&CHAR(10)&$A$2&B17&CHAR(10)&$A$3&C17&CHAR(10)&$A$4&D17&CHAR(10)&$A$5&H17&CHAR(10)&$A$6&I17&CHAR(10)&$A$7&J17 -> header set_nozzle=0 set_gerr2=-0.480905948551373 set_gerr1=4.65347670238517 set_gerr0=-1.49310550768043 set_s1=-0.052 set_s2=1.1028 set_tr=300 | V17: =$B$6&$B$1&O17&CHAR(10)&$B$2&N17&CHAR(10)&$B$3&M17&CHAR(10)&$B$4&L17&CHAR(10)&$B$5&K17&CHAR(10)&$B$7 -> header set_bp0=-1453.5292052402 set_bp1=1947.96456055809 set_bp2=-938.625579471547 set_bp3=195.661233100399 set_bp4=-14.1061830111192 purge_time=120 | W17: =$B$6&$A$8&CHAR(10)&$A$2&E17&CHAR(10)&$A$3&F17&CHAR(10)&$A$4&G17&CHAR(10)&$A$5&H17&CHAR(10)&$A$6&I17&CHAR(10)&$A$7&J17&CHAR(10)&$C$1&P17&CHAR(10)&$C$2&R17 -> header set_nozzle=1 set_gerr2=-4.32904258610302 set_gerr1=42.0707378762887 set_gerr0=-51.5518589303579 set_s1=-0.052 set_s2=1.1028 set_tr=300 set_v1=0.4644 set_v2=3189
A18: G23_PILOT_001_改喷嘴 | B18: -0.61938484 | C18: 6.0034634 | D18: -2.3330727 | E18: -2.05063 | F18: 22.54856 | G18: -10.3344 | H18: -0.052 | I18: 1.1028 | J18: 300 | K18: -5.5109502 | L18: 68.644399 | M18: -259.41614 | N18: 409.72945 | O18: -208.77866 | P18: 0.4644 | Q18: 3195 | R18: 3195 | T18: =A18 -> G23_PILOT_001_改喷嘴 | U18: =$B$6&$A$1&CHAR(10)&$A$2&B18&CHAR(10)&$A$3&C18&CHAR(10)&$A$4&D18&CHAR(10)&$A$5&H18&CHAR(10)&$A$6&I18&CHAR(10)&$A$7&J18 -> header set_nozzle=0 set_gerr2=-0.619384839581601 set_gerr1=6.00346336710397 set_gerr0=-2.33307265026052 set_s1=-0.052 set_s2=1.1028 set_tr=300 | V18: =$B$6&$B$1&O18&CHAR(10)&$B$2&N18&CHAR(10)&$B$3&M18&CHAR(10)&$B$4&L18&CHAR(10)&$B$5&K18&CHAR(10)&$B$7 -> header set_bp0=-208.778662860889 set_bp1=409.729450057385 set_bp2=-259.41613826665 set_bp3=68.6443991098254 set_bp4=-5.51095019188687 purge_time=120 | W18: =$B$6&$A$8&CHAR(10)&$A$2&E18&CHAR(10)&$A$3&F18&CHAR(10)&$A$4&G18&CHAR(10)&$A$5&H18&CHAR(10)&$A$6&I18&CHAR(10)&$A$7&J18&CHAR(10)&$C$1&P18&CHAR(10)&$C$2&R18 -> header set_nozzle=1 set_gerr2=-2.05063 set_gerr1=22.54856 set_gerr0=-10.3344 set_s1=-0.052 set_s2=1.1028 set_tr=300 set_v1=0.4644 set_v2=3195
A19: G23_PILOT_002_改喷嘴 | B19: -0.32862676 | C19: 3.3141443 | D19: -0.83253824 | E19: -4.565761 | F19: 44.304455 | G19: -57.436039 | H19: -0.052 | I19: 1.1028 | J19: 300 | K19: -5.1791097 | L19: 63.126969 | M19: -231.01559 | N19: 353.78002 | O19: -174.12568 | P19: 0.4644 | Q19: 3186.4517 | R19: 3186.4517 | T19: =A19 -> G23_PILOT_002_改喷嘴 | U19: =$B$6&$A$1&CHAR(10)&$A$2&B19&CHAR(10)&$A$3&C19&CHAR(10)&$A$4&D19&CHAR(10)&$A$5&H19&CHAR(10)&$A$6&I19&CHAR(10)&$A$7&J19 -> header set_nozzle=0 set_gerr2=-0.328626755835232 set_gerr1=3.31414433748488 set_gerr0=-0.832538239980768 set_s1=-0.052 set_s2=1.1028 set_tr=300 | V19: =$B$6&$B$1&O19&CHAR(10)&$B$2&N19&CHAR(10)&$B$3&M19&CHAR(10)&$B$4&L19&CHAR(10)&$B$5&K19&CHAR(10)&$B$7 -> header set_bp0=-174.12568249368 set_bp1=353.78002402822 set_bp2=-231.015593518699 set_bp3=63.126969122864 set_bp4=-5.17910969622423 purge_time=120 | W19: =$B$6&$A$8&CHAR(10)&$A$2&E19&CHAR(10)&$A$3&F19&CHAR(10)&$A$4&G19&CHAR(10)&$A$5&H19&CHAR(10)&$A$6&I19&CHAR(10)&$A$7&J19&CHAR(10)&$C$1&P19&CHAR(10)&$C$2&R19 -> header set_nozzle=1 set_gerr2=-4.56576101906463 set_gerr1=44.3044554485287 set_gerr0=-57.4360388120656 set_s1=-0.052 set_s2=1.1028 set_tr=300 set_v1=0.4644 set_v2=3186.451709
A20: G23_PILOT_004 | B20: -0.39432379 | C20: 3.7604066 | D20: -1.5652141 | E20: -4.4486345 | F20: 43.196021 | G20: -53.906344 | H20: -0.052 | I20: 1.1028 | J20: 300 | K20: -4.9945437 | L20: 61.841736 | M20: -231.51963 | N20: 360.8309 | O20: -182.36356 | P20: 0.4644 | Q20: 3153.7202 | R20: 3153.7202 | T20: =A20 -> G23_PILOT_004 | U20: =$B$6&$A$1&CHAR(10)&$A$2&B20&CHAR(10)&$A$3&C20&CHAR(10)&$A$4&D20&CHAR(10)&$A$5&H20&CHAR(10)&$A$6&I20&CHAR(10)&$A$7&J20 -> header set_nozzle=0 set_gerr2=-0.394323788988331 set_gerr1=3.76040659928571 set_gerr0=-1.56521407002074 set_s1=-0.052 set_s2=1.1028 set_tr=300 | V20: =$B$6&$B$1&O20&CHAR(10)&$B$2&N20&CHAR(10)&$B$3&M20&CHAR(10)&$B$4&L20&CHAR(10)&$B$5&K20&CHAR(10)&$B$7 -> header set_bp0=-182.363556503213 set_bp1=360.830904566161 set_bp2=-231.519626114067 set_bp3=61.8417356214756 set_bp4=-4.99454374301303 purge_time=120 | W20: =$B$6&$A$8&CHAR(10)&$A$2&E20&CHAR(10)&$A$3&F20&CHAR(10)&$A$4&G20&CHAR(10)&$A$5&H20&CHAR(10)&$A$6&I20&CHAR(10)&$A$7&J20&CHAR(10)&$C$1&P20&CHAR(10)&$C$2&R20 -> header set_nozzle=1 set_gerr2=-4.44863451897649 set_gerr1=43.1960207017044 set_gerr0=-53.9063435518526 set_s1=-0.052 set_s2=1.1028 set_tr=300 set_v1=0.4644 set_v2=3153.720168
A21: G23_PILOT_006 | B21: -0.30415661 | C21: 3.3755036 | D21: -1.4138199 | E21: -2.6703659 | F21: 27.251695 | G21: -19.794408 | H21: -0.052 | I21: 1.1028 | J21: 300 | K21: -5.1759849 | L21: 63.56755 | M21: -236.95196 | N21: 368.09175 | O21: -185.68924 | P21: 0.4644 | Q21: 3170.2969 | R21: 3170.2969 | T21: =A21 -> G23_PILOT_006 | U21: =$B$6&$A$1&CHAR(10)&$A$2&B21&CHAR(10)&$A$3&C21&CHAR(10)&$A$4&D21&CHAR(10)&$A$5&H21&CHAR(10)&$A$6&I21&CHAR(10)&$A$7&J21 -> header set_nozzle=0 set_gerr2=-0.304156608089993 set_gerr1=3.37550362050009 set_gerr0=-1.41381991991565 set_s1=-0.052 set_s2=1.1028 set_tr=300 | V21: =$B$6&$B$1&O21&CHAR(10)&$B$2&N21&CHAR(10)&$B$3&M21&CHAR(10)&$B$4&L21&CHAR(10)&$B$5&K21&CHAR(10)&$B$7 -> header set_bp0=-185.68923944104 set_bp1=368.0917493855 set_bp2=-236.951963487812 set_bp3=63.5675500144208 set_bp4=-5.17598489451577 purge_time=120 | W21: =$B$6&$A$8&CHAR(10)&$A$2&E21&CHAR(10)&$A$3&F21&CHAR(10)&$A$4&G21&CHAR(10)&$A$5&H21&CHAR(10)&$A$6&I21&CHAR(10)&$A$7&J21&CHAR(10)&$C$1&P21&CHAR(10)&$C$2&R21 -> header set_nozzle=1 set_gerr2=-2.6703658876088 set_gerr1=27.2516946445483 set_gerr0=-19.7944081455669 set_s1=-0.052 set_s2=1.1028 set_tr=300 set_v1=0.4644 set_v2=3170.296886
A22: G23_PILOT_008 | B22: -0.24013928 | C22: 2.9093504 | D22: -0.51718914 | E22: -2.448772 | F22: 25.311062 | G22: -15.922707 | H22: -0.052 | I22: 1.1028 | J22: 300 | K22: -5.2123989 | L22: 63.843803 | M22: -237.58061 | N22: 368.4951 | O22: -186.17711 | P22: 0.4644 | Q22: 3143.2416 | R22: 3143.2416 | T22: =A22 -> G23_PILOT_008 | U22: =$B$6&$A$1&CHAR(10)&$A$2&B22&CHAR(10)&$A$3&C22&CHAR(10)&$A$4&D22&CHAR(10)&$A$5&H22&CHAR(10)&$A$6&I22&CHAR(10)&$A$7&J22 -> header set_nozzle=0 set_gerr2=-0.240139283537276 set_gerr1=2.9093504149719 set_gerr0=-0.517189135924653 set_s1=-0.052 set_s2=1.1028 set_tr=300 | V22: =$B$6&$B$1&O22&CHAR(10)&$B$2&N22&CHAR(10)&$B$3&M22&CHAR(10)&$B$4&L22&CHAR(10)&$B$5&K22&CHAR(10)&$B$7 -> header set_bp0=-186.177106780405 set_bp1=368.495099595798 set_bp2=-237.580612005222 set_bp3=63.8438030364117 set_bp4=-5.21239892175003 purge_time=120 | W22: =$B$6&$A$8&CHAR(10)&$A$2&E22&CHAR(10)&$A$3&F22&CHAR(10)&$A$4&G22&CHAR(10)&$A$5&H22&CHAR(10)&$A$6&I22&CHAR(10)&$A$7&J22&CHAR(10)&$C$1&P22&CHAR(10)&$C$2&R22 -> header set_nozzle=1 set_gerr2=-2.4487720018934 set_gerr1=25.3110623290802 set_gerr0=-15.9227067368693 set_s1=-0.052 set_s2=1.1028 set_tr=300 set_v1=0.4644 set_v2=3143.241576
A23: G23_PILOT_009 | B23: -0.16210497 | C23: 2.4930778 | D23: -0.18286754 | E23: -2.6176091 | F23: 26.524103 | G23: -18.437458 | H23: -0.052 | I23: 1.1028 | J23: 300 | K23: -5.2127157 | L23: 64.008584 | M23: -238.31187 | N23: 369.92725 | O23: -185.1977 | P23: 0.4644 | Q23: 3182.74 | T23: =A23 -> G23_PILOT_009 | U23: =$B$6&$A$1&CHAR(10)&$A$2&B23&CHAR(10)&$A$3&C23&CHAR(10)&$A$4&D23&CHAR(10)&$A$5&H23&CHAR(10)&$A$6&I23&CHAR(10)&$A$7&J23 -> header set_nozzle=0 set_gerr2=-0.162104973520345 set_gerr1=2.49307782009197 set_gerr0=-0.182867541789473 set_s1=-0.052 set_s2=1.1028 set_tr=300 | V23: =$B$6&$B$1&O23&CHAR(10)&$B$2&N23&CHAR(10)&$B$3&M23&CHAR(10)&$B$4&L23&CHAR(10)&$B$5&K23&CHAR(10)&$B$7 -> header set_bp0=-185.197701170346 set_bp1=369.927254766791 set_bp2=-238.311866257382 set_bp3=64.0085842919671 set_bp4=-5.21271572699199 purge_time=120 | W23: =$B$6&$A$8&CHAR(10)&$A$2&E23&CHAR(10)&$A$3&F23&CHAR(10)&$A$4&G23&CHAR(10)&$A$5&H23&CHAR(10)&$A$6&I23&CHAR(10)&$A$7&J23&CHAR(10)&$C$1&P23&CHAR(10)&$C$2&R23 -> header set_nozzle=1 set_gerr2=-2.61760908724672 set_gerr1=26.5241027627527 set_gerr0=-18.4374576310026 set_s1=-0.052 set_s2=1.1028 set_tr=300 set_v1=0.4644 set_v2=
A24: G23_PILOT_010 | B24: -0.26803059 | C24: 2.9173969 | D24: -1.1660299 | E24: -2.9231487 | F24: 27.631233 | G24: -21.450886 | H24: -0.052 | I24: 1.1028 | J24: 300 | K24: -5.411769 | L24: 66.11347 | M24: -246.84126 | N24: 384.93693 | O24: -196.26973 | P24: 0.4644 | Q24: 3147.05 | R24: 3180.118 | T24: =A24 -> G23_PILOT_010 | U24: =$B$6&$A$1&CHAR(10)&$A$2&B24&CHAR(10)&$A$3&C24&CHAR(10)&$A$4&D24&CHAR(10)&$A$5&H24&CHAR(10)&$A$6&I24&CHAR(10)&$A$7&J24 -> header set_nozzle=0 set_gerr2=-0.268030593011387 set_gerr1=2.91739685247398 set_gerr0=-1.16602991413393 set_s1=-0.052 set_s2=1.1028 set_tr=300 | V24: =$B$6&$B$1&O24&CHAR(10)&$B$2&N24&CHAR(10)&$B$3&M24&CHAR(10)&$B$4&L24&CHAR(10)&$B$5&K24&CHAR(10)&$B$7 -> header set_bp0=-196.269731305022 set_bp1=384.936934330236 set_bp2=-246.841263466256 set_bp3=66.1134699426362 set_bp4=-5.41176897407699 purge_time=120 | W24: =$B$6&$A$8&CHAR(10)&$A$2&E24&CHAR(10)&$A$3&F24&CHAR(10)&$A$4&G24&CHAR(10)&$A$5&H24&CHAR(10)&$A$6&I24&CHAR(10)&$A$7&J24&CHAR(10)&$C$1&P24&CHAR(10)&$C$2&R24 -> header set_nozzle=1 set_gerr2=-2.9231487202459 set_gerr1=27.6312327357239 set_gerr0=-21.4508856025123 set_s1=-0.052 set_s2=1.1028 set_tr=300 set_v1=0.4644 set_v2=3180.118
A25: G23_PILOT_011 | B25: -0.23765834 | C25: 2.7263837 | D25: -1.052772 | E25: -2.8210339 | F25: 26.996532 | G25: -20.826162 | H25: -0.052 | I25: 1.1028 | J25: 300 | K25: -5.5276279 | L25: 67.411704 | M25: -251.96761 | N25: 393.24516 | O25: -201.03439 | P25: 0.4644 | Q25: 3069.63 | R25: 3186.617 | T25: =A25 -> G23_PILOT_011 | U25: =$B$6&$A$1&CHAR(10)&$A$2&B25&CHAR(10)&$A$3&C25&CHAR(10)&$A$4&D25&CHAR(10)&$A$5&H25&CHAR(10)&$A$6&I25&CHAR(10)&$A$7&J25 -> header set_nozzle=0 set_gerr2=-0.237658341020965 set_gerr1=2.72638366442019 set_gerr0=-1.05277197434582 set_s1=-0.052 set_s2=1.1028 set_tr=300 | V25: =$B$6&$B$1&O25&CHAR(10)&$B$2&N25&CHAR(10)&$B$3&M25&CHAR(10)&$B$4&L25&CHAR(10)&$B$5&K25&CHAR(10)&$B$7 -> header set_bp0=-201.034391832692 set_bp1=393.245156165665 set_bp2=-251.967610780777 set_bp3=67.4117037523037 set_bp4=-5.52762785187605 purge_time=120 | W25: =$B$6&$A$8&CHAR(10)&$A$2&E25&CHAR(10)&$A$3&F25&CHAR(10)&$A$4&G25&CHAR(10)&$A$5&H25&CHAR(10)&$A$6&I25&CHAR(10)&$A$7&J25&CHAR(10)&$C$1&P25&CHAR(10)&$C$2&R25 -> header set_nozzle=1 set_gerr2=-2.82103391696239 set_gerr1=26.9965317353026 set_gerr0=-20.8261620315637 set_s1=-0.052 set_s2=1.1028 set_tr=300 set_v1=0.4644 set_v2=3186.617
A26: G23_PILOT_012 | B26: -0.25096937 | C26: 2.8412008 | D26: -1.1468215 | E26: -3.1060345 | F26: 29.53196 | G26: -26.187532 | H26: -0.052 | I26: 1.1028 | J26: 300 | K26: -5.4921016 | L26: 67.199697 | M26: -251.75493 | N26: 394.18042 | O26: -202.29436 | P26: 0.4644 | Q26: 3161.85 | R26: 3183.263 | T26: =A26 -> G23_PILOT_012 | U26: =$B$6&$A$1&CHAR(10)&$A$2&B26&CHAR(10)&$A$3&C26&CHAR(10)&$A$4&D26&CHAR(10)&$A$5&H26&CHAR(10)&$A$6&I26&CHAR(10)&$A$7&J26 -> header set_nozzle=0 set_gerr2=-0.25096937378252 set_gerr1=2.84120083528348 set_gerr0=-1.14682154899529 set_s1=-0.052 set_s2=1.1028 set_tr=300 | V26: =$B$6&$B$1&O26&CHAR(10)&$B$2&N26&CHAR(10)&$B$3&M26&CHAR(10)&$B$4&L26&CHAR(10)&$B$5&K26&CHAR(10)&$B$7 -> header set_bp0=-202.294363627341 set_bp1=394.180416654135 set_bp2=-251.75492649646 set_bp3=67.1996973911382 set_bp4=-5.49210164941302 purge_time=120 | W26: =$B$6&$A$8&CHAR(10)&$A$2&E26&CHAR(10)&$A$3&F26&CHAR(10)&$A$4&G26&CHAR(10)&$A$5&H26&CHAR(10)&$A$6&I26&CHAR(10)&$A$7&J26&CHAR(10)&$C$1&P26&CHAR(10)&$C$2&R26 -> header set_nozzle=1 set_gerr2=-3.10603448253075 set_gerr1=29.5319601805491 set_gerr0=-26.1875324193122 set_s1=-0.052 set_s2=1.1028 set_tr=300 set_v1=0.4644 set_v2=3183.263
A27: G23_PILOT_013 | B27: -0.2678861 | C27: 2.9042116 | D27: -1.1840187 | E27: -2.9123538 | F27: 27.386739 | G27: -20.955256 | H27: -0.052 | I27: 1.1028 | J27: 300 | K27: -5.42934 | L27: 66.417596 | M27: -248.17877 | N27: 387.479 | O27: -198.12551 | P27: 0.4644 | Q27: 3090.23 | R27: 3181.185 | T27: =A27 -> G23_PILOT_013 | U27: =$B$6&$A$1&CHAR(10)&$A$2&B27&CHAR(10)&$A$3&C27&CHAR(10)&$A$4&D27&CHAR(10)&$A$5&H27&CHAR(10)&$A$6&I27&CHAR(10)&$A$7&J27 -> header set_nozzle=0 set_gerr2=-0.267886103271512 set_gerr1=2.90421164360868 set_gerr0=-1.18401868982234 set_s1=-0.052 set_s2=1.1028 set_tr=300 | V27: =$B$6&$B$1&O27&CHAR(10)&$B$2&N27&CHAR(10)&$B$3&M27&CHAR(10)&$B$4&L27&CHAR(10)&$B$5&K27&CHAR(10)&$B$7 -> header set_bp0=-198.125512343751 set_bp1=387.479004693136 set_bp2=-248.178766475656 set_bp3=66.4175957451387 set_bp4=-5.42933995466606 purge_time=120 | W27: =$B$6&$A$8&CHAR(10)&$A$2&E27&CHAR(10)&$A$3&F27&CHAR(10)&$A$4&G27&CHAR(10)&$A$5&H27&CHAR(10)&$A$6&I27&CHAR(10)&$A$7&J27&CHAR(10)&$C$1&P27&CHAR(10)&$C$2&R27 -> header set_nozzle=1 set_gerr2=-2.91235379342406 set_gerr1=27.3867386576567 set_gerr0=-20.9552558960522 set_s1=-0.052 set_s2=1.1028 set_tr=300 set_v1=0.4644 set_v2=3181.185
A28: G23_PILOT_014 | B28: -0.24622669 | C28: 2.7823603 | D28: -1.1247197 | E28: -1.4695139 | F28: 18.283299 | G28: -2.804894 | H28: -0.052 | I28: 1.1028 | J28: 300 | K28: -5.4452472 | L28: 66.618164 | M28: -249.65667 | N28: 391.07223 | O28: -200.65325 | P28: 0.4644 | Q28: 3163.38 | T28: =A28 -> G23_PILOT_014 | U28: =$B$6&$A$1&CHAR(10)&$A$2&B28&CHAR(10)&$A$3&C28&CHAR(10)&$A$4&D28&CHAR(10)&$A$5&H28&CHAR(10)&$A$6&I28&CHAR(10)&$A$7&J28 -> header set_nozzle=0 set_gerr2=-0.246226692928559 set_gerr1=2.78236033148645 set_gerr0=-1.1247196750974 set_s1=-0.052 set_s2=1.1028 set_tr=300 | V28: =$B$6&$B$1&O28&CHAR(10)&$B$2&N28&CHAR(10)&$B$3&M28&CHAR(10)&$B$4&L28&CHAR(10)&$B$5&K28&CHAR(10)&$B$7 -> header set_bp0=-200.65324570912 set_bp1=391.072225053962 set_bp2=-249.656669785784 set_bp3=66.618164058088 set_bp4=-5.44524722511112 purge_time=120 | W28: =$B$6&$A$8&CHAR(10)&$A$2&E28&CHAR(10)&$A$3&F28&CHAR(10)&$A$4&G28&CHAR(10)&$A$5&H28&CHAR(10)&$A$6&I28&CHAR(10)&$A$7&J28&CHAR(10)&$C$1&P28&CHAR(10)&$C$2&R28 -> header set_nozzle=1 set_gerr2=-1.46951391763077 set_gerr1=18.2832991485617 set_gerr0=-2.80489398414312 set_s1=-0.052 set_s2=1.1028 set_tr=300 set_v1=0.4644 set_v2=
A29: G23_PILOT_015 | B29: -0.29102196 | C29: 3.0935522 | D29: -1.6192786 | E29: -2.9118255 | F29: 28.503106 | G29: -24.480333 | H29: -0.052 | I29: 1.1028 | J29: 300 | K29: -5.6000021 | L29: 68.419887 | M29: -256.01488 | N29: 398.42159 | O29: -203.7451 | P29: 0.4644 | Q29: 3192.1962 | T29: =A29 -> G23_PILOT_015 | U29: =$B$6&$A$1&CHAR(10)&$A$2&B29&CHAR(10)&$A$3&C29&CHAR(10)&$A$4&D29&CHAR(10)&$A$5&H29&CHAR(10)&$A$6&I29&CHAR(10)&$A$7&J29 -> header set_nozzle=0 set_gerr2=-0.291021958878292 set_gerr1=3.09355215057973 set_gerr0=-1.6192786377078 set_s1=-0.052 set_s2=1.1028 set_tr=300 | V29: =$B$6&$B$1&O29&CHAR(10)&$B$2&N29&CHAR(10)&$B$3&M29&CHAR(10)&$B$4&L29&CHAR(10)&$B$5&K29&CHAR(10)&$B$7 -> header set_bp0=-203.745098866508 set_bp1=398.42159263422 set_bp2=-256.014883832627 set_bp3=68.4198873320727 set_bp4=-5.60000207457072 purge_time=120 | W29: =$B$6&$A$8&CHAR(10)&$A$2&E29&CHAR(10)&$A$3&F29&CHAR(10)&$A$4&G29&CHAR(10)&$A$5&H29&CHAR(10)&$A$6&I29&CHAR(10)&$A$7&J29&CHAR(10)&$C$1&P29&CHAR(10)&$C$2&R29 -> header set_nozzle=1 set_gerr2=-2.91182546599519 set_gerr1=28.5031064665782 set_gerr0=-24.4803333556006 set_s1=-0.052 set_s2=1.1028 set_tr=300 set_v1=0.4644 set_v2=
A30: G23_PILOT_016 | B30: -0.27200844 | C30: 2.9115502 | D30: -1.2093972 | E30: -2.8442926 | F30: 27.396218 | G30: -22.015861 | H30: -0.052 | I30: 1.1028 | J30: 300 | K30: -5.5558392 | L30: 68.16133 | M30: -255.68525 | N30: 399.52349 | O30: -205.37366 | P30: 0.4644 | Q30: 3194.4289 | T30: =A30 -> G23_PILOT_016 | U30: =$B$6&$A$1&CHAR(10)&$A$2&B30&CHAR(10)&$A$3&C30&CHAR(10)&$A$4&D30&CHAR(10)&$A$5&H30&CHAR(10)&$A$6&I30&CHAR(10)&$A$7&J30 -> header set_nozzle=0 set_gerr2=-0.272008444936042 set_gerr1=2.91155015839049 set_gerr0=-1.20939717900983 set_s1=-0.052 set_s2=1.1028 set_tr=300 | V30: =$B$6&$B$1&O30&CHAR(10)&$B$2&N30&CHAR(10)&$B$3&M30&CHAR(10)&$B$4&L30&CHAR(10)&$B$5&K30&CHAR(10)&$B$7 -> header set_bp0=-205.373661182744 set_bp1=399.523490989419 set_bp2=-255.685245982191 set_bp3=68.1613300010565 set_bp4=-5.55583918123784 purge_time=120 | W30: =$B$6&$A$8&CHAR(10)&$A$2&E30&CHAR(10)&$A$3&F30&CHAR(10)&$A$4&G30&CHAR(10)&$A$5&H30&CHAR(10)&$A$6&I30&CHAR(10)&$A$7&J30&CHAR(10)&$C$1&P30&CHAR(10)&$C$2&R30 -> header set_nozzle=1 set_gerr2=-2.84429262003914 set_gerr1=27.3962176483674 set_gerr0=-22.0158611121113 set_s1=-0.052 set_s2=1.1028 set_tr=300 set_v1=0.4644 set_v2=
A31: G23_PILOT_017 | B31: -0.23686538 | C31: 2.8275625 | D31: -1.0536687 | E31: -2.8468869 | F31: 27.69522 | G31: -22.979848 | H31: -0.052 | I31: 1.1028 | J31: 300 | K31: -5.5541579 | L31: 68.100665 | M31: -255.06756 | N31: 397.74557 | O31: -204.3111 | P31: 0.4644 | Q31: 3194.3763 | T31: =A31 -> G23_PILOT_017 | U31: =$B$6&$A$1&CHAR(10)&$A$2&B31&CHAR(10)&$A$3&C31&CHAR(10)&$A$4&D31&CHAR(10)&$A$5&H31&CHAR(10)&$A$6&I31&CHAR(10)&$A$7&J31 -> header set_nozzle=0 set_gerr2=-0.236865377713577 set_gerr1=2.82756245929313 set_gerr0=-1.05366874933801 set_s1=-0.052 set_s2=1.1028 set_tr=300 | V31: =$B$6&$B$1&O31&CHAR(10)&$B$2&N31&CHAR(10)&$B$3&M31&CHAR(10)&$B$4&L31&CHAR(10)&$B$5&K31&CHAR(10)&$B$7 -> header set_bp0=-204.311096418808 set_bp1=397.745574504024 set_bp2=-255.067560367143 set_bp3=68.1006649031766 set_bp4=-5.55415790441604 purge_time=120 | W31: =$B$6&$A$8&CHAR(10)&$A$2&E31&CHAR(10)&$A$3&F31&CHAR(10)&$A$4&G31&CHAR(10)&$A$5&H31&CHAR(10)&$A$6&I31&CHAR(10)&$A$7&J31&CHAR(10)&$C$1&P31&CHAR(10)&$C$2&R31 -> header set_nozzle=1 set_gerr2=-2.84688686564053 set_gerr1=27.6952196175341 set_gerr0=-22.9798479290873 set_s1=-0.052 set_s2=1.1028 set_tr=300 set_v1=0.4644 set_v2=
A32: G23_PILOT_018 | B32: -0.26349749 | C32: 3.1021654 | D32: -1.4630617 | E32: -2.9840057 | F32: 30.49236 | G32: -29.404162 | H32: -0.052 | I32: 1.1028 | J32: 300 | K32: -5.6251052 | L32: 68.667898 | M32: -256.95547 | N32: 401.37098 | O32: -206.22198 | P32: 0.4644 | Q32: 3194.8846 | T32: =A32 -> G23_PILOT_018 | U32: =$B$6&$A$1&CHAR(10)&$A$2&B32&CHAR(10)&$A$3&C32&CHAR(10)&$A$4&D32&CHAR(10)&$A$5&H32&CHAR(10)&$A$6&I32&CHAR(10)&$A$7&J32 -> header set_nozzle=0 set_gerr2=-0.26349748850979 set_gerr1=3.10216537965184 set_gerr0=-1.4630616696601 set_s1=-0.052 set_s2=1.1028 set_tr=300 | V32: =$B$6&$B$1&O32&CHAR(10)&$B$2&N32&CHAR(10)&$B$3&M32&CHAR(10)&$B$4&L32&CHAR(10)&$B$5&K32&CHAR(10)&$B$7 -> header set_bp0=-206.221976388883 set_bp1=401.370979004192 set_bp2=-256.955473012219 set_bp3=68.6678984301837 set_bp4=-5.62510515682949 purge_time=120 | W32: =$B$6&$A$8&CHAR(10)&$A$2&E32&CHAR(10)&$A$3&F32&CHAR(10)&$A$4&G32&CHAR(10)&$A$5&H32&CHAR(10)&$A$6&I32&CHAR(10)&$A$7&J32&CHAR(10)&$C$1&P32&CHAR(10)&$C$2&R32 -> header set_nozzle=1 set_gerr2=-2.9840056934579 set_gerr1=30.4923602748971 set_gerr0=-29.4041623474654 set_s1=-0.052 set_s2=1.1028 set_tr=300 set_v1=0.4644 set_v2=
A33: G23_PILOT_019 | B33: -0.34786691 | C33: 3.8026301 | D33: -1.8874154 | E33: -2.8599566 | F33: 29.434664 | G33: -27.099313 | H33: -0.052 | I33: 1.1028 | J33: 300 | K33: -3.9889508 | L33: 52.131646 | M33: -201.11578 | N33: 321.47957 | O33: -166.29196 | P33: 0.4644 | Q33: 3186.1667 | T33: =A33 -> G23_PILOT_019 | U33: =$B$6&$A$1&CHAR(10)&$A$2&B33&CHAR(10)&$A$3&C33&CHAR(10)&$A$4&D33&CHAR(10)&$A$5&H33&CHAR(10)&$A$6&I33&CHAR(10)&$A$7&J33 -> header set_nozzle=0 set_gerr2=-0.347866905927929 set_gerr1=3.80263005796216 set_gerr0=-1.88741535388948 set_s1=-0.052 set_s2=1.1028 set_tr=300 | V33: =$B$6&$B$1&O33&CHAR(10)&$B$2&N33&CHAR(10)&$B$3&M33&CHAR(10)&$B$4&L33&CHAR(10)&$B$5&K33&CHAR(10)&$B$7 -> header set_bp0=-166.291962426685 set_bp1=321.479572577399 set_bp2=-201.115776051106 set_bp3=52.1316458833082 set_bp4=-3.98895079436161 purge_time=120 | W33: =$B$6&$A$8&CHAR(10)&$A$2&E33&CHAR(10)&$A$3&F33&CHAR(10)&$A$4&G33&CHAR(10)&$A$5&H33&CHAR(10)&$A$6&I33&CHAR(10)&$A$7&J33&CHAR(10)&$C$1&P33&CHAR(10)&$C$2&R33 -> header set_nozzle=1 set_gerr2=-2.85995660897448 set_gerr1=29.4346636463225 set_gerr0=-27.0993127319615 set_s1=-0.052 set_s2=1.1028 set_tr=300 set_v1=0.4644 set_v2=
A34: G23_PILOT_020 | B34: -0.45235294 | C34: 4.2348892 | D34: -1.9443502 | E34: -2.9142695 | F34: 28.876557 | G34: -23.402975 | H34: -0.052 | I34: 1.1028 | J34: 300 | K34: -4.9933252 | L34: 63.774085 | M34: -240.80191 | N34: 378.63064 | O34: -190.97598 | P34: 0.4644 | Q34: 3190.4886 | T34: =A34 -> G23_PILOT_020 | U34: =$B$6&$A$1&CHAR(10)&$A$2&B34&CHAR(10)&$A$3&C34&CHAR(10)&$A$4&D34&CHAR(10)&$A$5&H34&CHAR(10)&$A$6&I34&CHAR(10)&$A$7&J34 -> header set_nozzle=0 set_gerr2=-0.452352944996343 set_gerr1=4.23488918352714 set_gerr0=-1.94435023977485 set_s1=-0.052 set_s2=1.1028 set_tr=300 | V34: =$B$6&$B$1&O34&CHAR(10)&$B$2&N34&CHAR(10)&$B$3&M34&CHAR(10)&$B$4&L34&CHAR(10)&$B$5&K34&CHAR(10)&$B$7 -> header set_bp0=-190.975979906904 set_bp1=378.630638934497 set_bp2=-240.801909844944 set_bp3=63.7740852651866 set_bp4=-4.99332523820444 purge_time=120 | W34: =$B$6&$A$8&CHAR(10)&$A$2&E34&CHAR(10)&$A$3&F34&CHAR(10)&$A$4&G34&CHAR(10)&$A$5&H34&CHAR(10)&$A$6&I34&CHAR(10)&$A$7&J34&CHAR(10)&$C$1&P34&CHAR(10)&$C$2&R34 -> header set_nozzle=1 set_gerr2=-2.91426946603676 set_gerr1=28.8765565323562 set_gerr0=-23.4029754892992 set_s1=-0.052 set_s2=1.1028 set_tr=300 set_v1=0.4644 set_v2=
A35: G23_PILOT_021 | B35: -0.39131245 | C35: 3.9630748 | D35: -1.8978883 | E35: -3.0474112 | F35: 29.946394 | G35: -24.920276 | H35: -0.052 | I35: 1.1028 | J35: 300 | K35: -4.91105 | L35: 62.01675 | M35: -233.432 | N35: 366.7306 | O35: -185.468 | P35: 0.4644 | Q35: 3160.45 | T35: =A35 -> G23_PILOT_021 | U35: =$B$6&$A$1&CHAR(10)&$A$2&B35&CHAR(10)&$A$3&C35&CHAR(10)&$A$4&D35&CHAR(10)&$A$5&H35&CHAR(10)&$A$6&I35&CHAR(10)&$A$7&J35 -> header set_nozzle=0 set_gerr2=-0.391312454380067 set_gerr1=3.96307484924467 set_gerr0=-1.89788832881728 set_s1=-0.052 set_s2=1.1028 set_tr=300 | V35: =$B$6&$B$1&O35&CHAR(10)&$B$2&N35&CHAR(10)&$B$3&M35&CHAR(10)&$B$4&L35&CHAR(10)&$B$5&K35&CHAR(10)&$B$7 -> header set_bp0=-185.468 set_bp1=366.7306 set_bp2=-233.432 set_bp3=62.01675 set_bp4=-4.91105 purge_time=120 | W35: =$B$6&$A$8&CHAR(10)&$A$2&E35&CHAR(10)&$A$3&F35&CHAR(10)&$A$4&G35&CHAR(10)&$A$5&H35&CHAR(10)&$A$6&I35&CHAR(10)&$A$7&J35&CHAR(10)&$C$1&P35&CHAR(10)&$C$2&R35 -> header set_nozzle=1 set_gerr2=-3.0474111630186 set_gerr1=29.9463938341654 set_gerr0=-24.9202758867699 set_s1=-0.052 set_s2=1.1028 set_tr=300 set_v1=0.4644 set_v2=
A36: G23_PILOT_022 | B36: -0.351977 | C36: 3.790107 | D36: -1.685375 | E36: -2.83005 | F36: 28.01044 | G36: -20.6394 | H36: -0.052 | I36: 1.1028 | J36: 300 | K36: -5.114538 | L36: 63.977479 | M36: -239.97046 | N36: 375.55127 | O36: -188.95436 | P36: 0.4644 | Q36: 3165.92 | T36: =A36 -> G23_PILOT_022 | U36: =$B$6&$A$1&CHAR(10)&$A$2&B36&CHAR(10)&$A$3&C36&CHAR(10)&$A$4&D36&CHAR(10)&$A$5&H36&CHAR(10)&$A$6&I36&CHAR(10)&$A$7&J36 -> header set_nozzle=0 set_gerr2=-0.351977 set_gerr1=3.790107 set_gerr0=-1.685375 set_s1=-0.052 set_s2=1.1028 set_tr=300 | V36: =$B$6&$B$1&O36&CHAR(10)&$B$2&N36&CHAR(10)&$B$3&M36&CHAR(10)&$B$4&L36&CHAR(10)&$B$5&K36&CHAR(10)&$B$7 -> header set_bp0=-188.954362108834 set_bp1=375.551265223904 set_bp2=-239.970456851132 set_bp3=63.9774789775608 set_bp4=-5.11453801235811 purge_time=120 | W36: =$B$6&$A$8&CHAR(10)&$A$2&E36&CHAR(10)&$A$3&F36&CHAR(10)&$A$4&G36&CHAR(10)&$A$5&H36&CHAR(10)&$A$6&I36&CHAR(10)&$A$7&J36&CHAR(10)&$C$1&P36&CHAR(10)&$C$2&R36 -> header set_nozzle=1 set_gerr2=-2.83005 set_gerr1=28.01044 set_gerr0=-20.6394 set_s1=-0.052 set_s2=1.1028 set_tr=300 set_v1=0.4644 set_v2=
A37: G23_PILOT_023 | B37: -0.39479158 | C37: 4.0586289 | D37: -2.1029523 | E37: -2.9659585 | F37: 29.434696 | G37: -24.285434 | H37: -0.052 | I37: 1.1028 | J37: 300 | K37: -5.5573361 | L37: 67.677459 | M37: -250.401 | N37: 386.4646 | O37: -192.79961 | P37: 0.4644 | Q37: 3168.5215 | T37: =A37 -> G23_PILOT_023 | U37: =$B$6&$A$1&CHAR(10)&$A$2&B37&CHAR(10)&$A$3&C37&CHAR(10)&$A$4&D37&CHAR(10)&$A$5&H37&CHAR(10)&$A$6&I37&CHAR(10)&$A$7&J37 -> header set_nozzle=0 set_gerr2=-0.394791583514779 set_gerr1=4.05862891800604 set_gerr0=-2.10295227794344 set_s1=-0.052 set_s2=1.1028 set_tr=300 | V37: =$B$6&$B$1&O37&CHAR(10)&$B$2&N37&CHAR(10)&$B$3&M37&CHAR(10)&$B$4&L37&CHAR(10)&$B$5&K37&CHAR(10)&$B$7 -> header set_bp0=-192.799608396573 set_bp1=386.46460061962 set_bp2=-250.401001580124 set_bp3=67.6774589089302 set_bp4=-5.55733611097165 purge_time=120 | W37: =$B$6&$A$8&CHAR(10)&$A$2&E37&CHAR(10)&$A$3&F37&CHAR(10)&$A$4&G37&CHAR(10)&$A$5&H37&CHAR(10)&$A$6&I37&CHAR(10)&$A$7&J37&CHAR(10)&$C$1&P37&CHAR(10)&$C$2&R37 -> header set_nozzle=1 set_gerr2=-2.96595846427771 set_gerr1=29.4346959758756 set_gerr0=-24.2854335778378 set_s1=-0.052 set_s2=1.1028 set_tr=300 set_v1=0.4644 set_v2=
A38: G23_PILOT_024 | B38: -0.45196103 | C38: 4.2580646 | D38: -2.2053241 | E38: -2.933872 | F38: 29.170307 | G38: -23.943004 | H38: -0.052 | I38: 1.1028 | J38: 300 | K38: -5.6915373 | L38: 69.25192 | M38: -256.46412 | N38: 395.73601 | O38: -197.4607 | P38: 0.4644 | Q38: 3149.9883 | T38: =A38 -> G23_PILOT_024 | U38: =$B$6&$A$1&CHAR(10)&$A$2&B38&CHAR(10)&$A$3&C38&CHAR(10)&$A$4&D38&CHAR(10)&$A$5&H38&CHAR(10)&$A$6&I38&CHAR(10)&$A$7&J38 -> header set_nozzle=0 set_gerr2=-0.451961027953396 set_gerr1=4.25806463862962 set_gerr0=-2.20532408396668 set_s1=-0.052 set_s2=1.1028 set_tr=300 | V38: =$B$6&$B$1&O38&CHAR(10)&$B$2&N38&CHAR(10)&$B$3&M38&CHAR(10)&$B$4&L38&CHAR(10)&$B$5&K38&CHAR(10)&$B$7 -> header set_bp0=-197.460703508784 set_bp1=395.736011971381 set_bp2=-256.464124752034 set_bp3=69.2519201587069 set_bp4=-5.69153730448838 purge_time=120 | W38: =$B$6&$A$8&CHAR(10)&$A$2&E38&CHAR(10)&$A$3&F38&CHAR(10)&$A$4&G38&CHAR(10)&$A$5&H38&CHAR(10)&$A$6&I38&CHAR(10)&$A$7&J38&CHAR(10)&$C$1&P38&CHAR(10)&$C$2&R38 -> header set_nozzle=1 set_gerr2=-2.93387202291665 set_gerr1=29.1703067935731 set_gerr0=-23.9430035838137 set_s1=-0.052 set_s2=1.1028 set_tr=300 set_v1=0.4644 set_v2=
A39: G23_PILOT_025 | B39: -0.45791793 | C39: 4.4950913 | D39: -2.2138374 | E39: -2.6929395 | F39: 26.744406 | G39: -17.941531 | H39: -0.052 | I39: 1.1028 | J39: 300 | K39: -5.9137894 | L39: 71.72486 | M39: -266.12771 | N39: 411.38212 | O39: -205.64293 | P39: 0.4644 | Q39: 3179.5085 | T39: =A39 -> G23_PILOT_025 | U39: =$B$6&$A$1&CHAR(10)&$A$2&B39&CHAR(10)&$A$3&C39&CHAR(10)&$A$4&D39&CHAR(10)&$A$5&H39&CHAR(10)&$A$6&I39&CHAR(10)&$A$7&J39 -> header set_nozzle=0 set_gerr2=-0.457917934243738 set_gerr1=4.49509133433822 set_gerr0=-2.21383735073978 set_s1=-0.052 set_s2=1.1028 set_tr=300 | V39: =$B$6&$B$1&O39&CHAR(10)&$B$2&N39&CHAR(10)&$B$3&M39&CHAR(10)&$B$4&L39&CHAR(10)&$B$5&K39&CHAR(10)&$B$7 -> header set_bp0=-205.64293313889 set_bp1=411.382118644982 set_bp2=-266.127706614432 set_bp3=71.7248603956768 set_bp4=-5.91378943669145 purge_time=120 | W39: =$B$6&$A$8&CHAR(10)&$A$2&E39&CHAR(10)&$A$3&F39&CHAR(10)&$A$4&G39&CHAR(10)&$A$5&H39&CHAR(10)&$A$6&I39&CHAR(10)&$A$7&J39&CHAR(10)&$C$1&P39&CHAR(10)&$C$2&R39 -> header set_nozzle=1 set_gerr2=-2.69293946507337 set_gerr1=26.7444058708492 set_gerr0=-17.9415310509873 set_s1=-0.052 set_s2=1.1028 set_tr=300 set_v1=0.4644 set_v2=
A40: G23_PILOT_026 | B40: -0.37032832 | C40: 3.9941106 | D40: -2.020552 | E40: -2.821639 | F40: 28.208531 | G40: -22.661862 | H40: -0.052 | I40: 1.1028 | J40: 300 | K40: -4.2236936 | L40: 55.145744 | M40: -208.71333 | N40: 327.88177 | O40: -163.78065 | P40: 0.4644 | Q40: 3166.7208 | R40: 3166.7208 | T40: =A40 -> G23_PILOT_026 | U40: =$B$6&$A$1&CHAR(10)&$A$2&B40&CHAR(10)&$A$3&C40&CHAR(10)&$A$4&D40&CHAR(10)&$A$5&H40&CHAR(10)&$A$6&I40&CHAR(10)&$A$7&J40 -> header set_nozzle=0 set_gerr2=-0.370328321 set_gerr1=3.99411056 set_gerr0=-2.020551979 set_s1=-0.052 set_s2=1.1028 set_tr=300 | V40: =$B$6&$B$1&O40&CHAR(10)&$B$2&N40&CHAR(10)&$B$3&M40&CHAR(10)&$B$4&L40&CHAR(10)&$B$5&K40&CHAR(10)&$B$7 -> header set_bp0=-163.7806534 set_bp1=327.881772 set_bp2=-208.7133303 set_bp3=55.14574355 set_bp4=-4.223693602 purge_time=120 | W40: =$B$6&$A$8&CHAR(10)&$A$2&E40&CHAR(10)&$A$3&F40&CHAR(10)&$A$4&G40&CHAR(10)&$A$5&H40&CHAR(10)&$A$6&I40&CHAR(10)&$A$7&J40&CHAR(10)&$C$1&P40&CHAR(10)&$C$2&R40 -> header set_nozzle=1 set_gerr2=-2.821639047 set_gerr1=28.20853071 set_gerr0=-22.66186234 set_s1=-0.052 set_s2=1.1028 set_tr=300 set_v1=0.4644 set_v2=3166.7208
A41: G23_PILOT_027 | B41: -0.40696052 | C41: 4.3080784 | D41: -2.2501408 | E41: -3.1991933 | F41: 32.146668 | G41: -33.460835 | H41: -0.052 | I41: 1.1028 | J41: 300 | K41: -4.2899791 | L41: 54.810461 | M41: -204.41686 | N41: 317.5305 | O41: -157.00457 | P41: 0.4644 | Q41: 3175.1973 | R41: 3175.1973 | T41: =A41 -> G23_PILOT_027 | U41: =$B$6&$A$1&CHAR(10)&$A$2&B41&CHAR(10)&$A$3&C41&CHAR(10)&$A$4&D41&CHAR(10)&$A$5&H41&CHAR(10)&$A$6&I41&CHAR(10)&$A$7&J41 -> header set_nozzle=0 set_gerr2=-0.40696052 set_gerr1=4.308078442 set_gerr0=-2.250140767 set_s1=-0.052 set_s2=1.1028 set_tr=300 | V41: =$B$6&$B$1&O41&CHAR(10)&$B$2&N41&CHAR(10)&$B$3&M41&CHAR(10)&$B$4&L41&CHAR(10)&$B$5&K41&CHAR(10)&$B$7 -> header set_bp0=-157.0045706 set_bp1=317.5304989 set_bp2=-204.4168592 set_bp3=54.81046103 set_bp4=-4.289979119 purge_time=120 | W41: =$B$6&$A$8&CHAR(10)&$A$2&E41&CHAR(10)&$A$3&F41&CHAR(10)&$A$4&G41&CHAR(10)&$A$5&H41&CHAR(10)&$A$6&I41&CHAR(10)&$A$7&J41&CHAR(10)&$C$1&P41&CHAR(10)&$C$2&R41 -> header set_nozzle=1 set_gerr2=-3.199193265 set_gerr1=32.14666819 set_gerr0=-33.46083516 set_s1=-0.052 set_s2=1.1028 set_tr=300 set_v1=0.4644 set_v2=3175.197344
A42: G23_PILOT_028 | B42: -0.39628303 | C42: 4.1183042 | D42: -1.9414846 | E42: -2.1922453 | F42: 21.245863 | G42: -2.0386564 | H42: -0.052 | I42: 1.1028 | J42: 300 | K42: -4.4590077 | L42: 56.50867 | M42: -211.05742 | N42: 328.79407 | O42: -163.13852 | P42: 0.4644 | Q42: 3140.615 | R42: 3140.615 | T42: =A42 -> G23_PILOT_028 | U42: =$B$6&$A$1&CHAR(10)&$A$2&B42&CHAR(10)&$A$3&C42&CHAR(10)&$A$4&D42&CHAR(10)&$A$5&H42&CHAR(10)&$A$6&I42&CHAR(10)&$A$7&J42 -> header set_nozzle=0 set_gerr2=-0.396283027 set_gerr1=4.118304189 set_gerr0=-1.941484646 set_s1=-0.052 set_s2=1.1028 set_tr=300 | V42: =$B$6&$B$1&O42&CHAR(10)&$B$2&N42&CHAR(10)&$B$3&M42&CHAR(10)&$B$4&L42&CHAR(10)&$B$5&K42&CHAR(10)&$B$7 -> header set_bp0=-163.1385243 set_bp1=328.7940727 set_bp2=-211.0574233 set_bp3=56.50866979 set_bp4=-4.459007662 purge_time=120 | W42: =$B$6&$A$8&CHAR(10)&$A$2&E42&CHAR(10)&$A$3&F42&CHAR(10)&$A$4&G42&CHAR(10)&$A$5&H42&CHAR(10)&$A$6&I42&CHAR(10)&$A$7&J42&CHAR(10)&$C$1&P42&CHAR(10)&$C$2&R42 -> header set_nozzle=1 set_gerr2=-2.192245288 set_gerr1=21.24586286 set_gerr0=-2.038656352 set_s1=-0.052 set_s2=1.1028 set_tr=300 set_v1=0.4644 set_v2=3140.614968
A44: header set_nozzle=0 set_gerr2=-0.338132 set_gerr1=2.814077 set_gerr0=-1.645232 set_s1=-0.052 set_s2=1.1028 set_tr=300

Sheet 版本控制
A1: 版本号 | B1: 说明 | C1: 修改人 | D1: 时间
A2: V1 | B2: 初稿 | C2: KL | D2: 45438
A3: V2 | B3: 增加系数a | C3: KL | D3: 45438
A4: V3 | B4: 修改了alpha命名，增加了abcd
A5: V5 | B5: 增加了bp | C5: KL | D5: 45448
A6: V6 | B6: 增加了pilot002 | C6: KL | D6: 45470
A7: V7 | B7: 增加了PILOT002的bp | C7: KL | D7: 45499
A8: V8 | B8: 修改COS的 gas id | C8: KL | D8: 45512
A9: V9 | B9: 加入了PILOT003 | C9: KL | D9: 45524
A10: V10 | B10: 加入了PILOT001_改喷嘴 | C10: KL | D10: 45592
A11: V13 | B11: 加入了004,006,008 | C11: KL | D11: 45652
A12: V14 | B12: 加入体积参数 | C12: MENK | D12: 45667
A13: V15 | B13: 增加导出数据库公式处理 | C13: MENK | D13: 45693
A14: V16 | B14: 增加了009 | C14: KL | D14: 45708
A15: V17 | B15: 增加了H2，7号气体 | C15: KL | D15: 45713
A16: V18 | B16: 增加了010数据 | C16: KL | D16: 45769
... A27: V29 | B27: 增加了23,24,25的参数 | C27: KL | D27: 46017

Sheet cmd
A1: =气体参数!N2 -> header set_gas=1 set_shr=1.667 set_mw=4.002 set_c1=1.115 set_c2=0.363025318922611 set_c3=0.487092169440701 set_a=1 set_b=0 set_c=0 set_d=0 | B1: HE
A2: =气体参数!N3 -> header set_gas=4 set_shr=1.667 set_mw=39.948 set_c1=1.269 set_c2=0.114902092344169 set_c3=0.487092169440701 set_a=1 set_b=0 set_c=0 set_d=0 | B2: AR
A3: =气体参数!N4 -> header set_gas=13 set_shr=1.4 set_mw=28 set_c1=1 set_c2=0.129402082031238 set_c3=0.528281787717174 set_a=1 set_b=0 set_c=0 set_d=0 | B3: N2
A4: =气体参数!N5 -> header set_gas=25 set_shr=1.289 set_mw=44.01 set_c1=0.8366 set_c2=0.100281321601283 set_c3=0.547723501628019 set_a=1 set_b=0 set_c=0 set_d=0 | B4: CO2
A5: =气体参数!N6 -> header set_gas=110 set_shr=1.1 set_mw=146 set_c1=0.853 set_c2=0.0520034641302041 set_c3=0.584679289086437 set_a=1 set_b=0 set_c=0 set_d=0 | B5: SF6
A6: =气体参数!N7 -> header set_gas=108 set_shr=1.1 set_mw=169.9 set_c1=0.98 set_c2=0.0482072117274695 set_c3=0.584679289086437 set_a=4.0032 set_b=1149.8 set_c=-43.04 set_d=20 | B6: sicl4
A7: =气体参数!N8 -> header set_gas=15 set_shr=1.4 set_mw=32 set_c1=1.15 set_c2=0.121044564024027 set_c3=0.528281787717174 set_a=1 set_b=0 set_c=0 set_d=0 | B7: O2
A8: =气体参数!N9 -> header set_gas=297 set_shr=1.06 set_mw=162 set_c1=0.853 set_c2=0.0486993391548769 set_c3=0.59321077406382 set_a=0.06 set_b=0 set_c=0 set_d=0 | B8: c4f6
A9: =气体参数!N10 -> header set_gas=28 set_shr=1.32 set_mw=16 set_c1=0.58 set_c2=0.167713013820073 set_c3=0.542139179851747 set_a=1 set_b=0 set_c=0 set_d=0 | B9: ch4
A10: =气体参数!N11 -> header set_gas=34 set_shr=1.25 set_mw=60 set_c1=0.69 set_c2=0.0849557993059992 set_c3=0.554928957306643 set_a=1 set_b=0 set_c=0 set_d=0 | B10: cos
A11: =气体参数!N12 -> header set_gas=19 set_shr=1.33 set_mw=71 set_c1=0.768 set_c2=0.0798263056832846 set_c3=0.54036401763595 set_a=1 set_b=0 set_c=0 set_d=0 | B11: cl2
A12: =气体参数!N13 -> header set_gas=160 set_shr=1.24 set_mw=52 set_c1=0.81 set_c2=0.090996578908725 set_c3=0.556809816030138 set_a=4.262 set_b=821.09 set_c=-28.55 set_d=0 | B12: ch2f2
... A20: =气体参数!N21 -> header set_gas=39 set_shr=1.269 set_mw=32 set_c1=0.624 set_c2=0.116955155368212 set_c3=0.55139306326529 set_a=1 set_b=0 set_c=0 set_d=0 | B20: sih4
A27: =喷嘴参数!A14 -> G23_PILOT_001 | B27: =喷嘴参数!U14 -> header set_nozzle=0 set_gerr2=-0.338132 set_gerr1=2.814077 set_gerr0=-1.645232 set_s1=-0.052 set_s2=1.1028 set_tr=300 | C27: =喷嘴参数!V14 -> header set_bp0=-455.638944554371 set_bp1=698.404586493478 set_bp2=-375.138679029412 set_bp3=87.1886224363897 set_bp4=-6.73965548858953 purge_time=120 | D27: =喷嘴参数!W14 -> header set_nozzle=1 set_gerr2=-2.05063 set_gerr1=22.54856 set_gerr0=-10.3344 set_s1=-0.052 set_s2=1.1028 set_tr=300 set_v1=0.4644 set_v2=3195
A28: =喷嘴参数!A15 -> 工程样机 | B28: =喷嘴参数!U15 -> header set_nozzle=0 set_gerr2=-0.130901 set_gerr1=1.543311 set_gerr0=-0.775613 set_s1=-0.052 set_s2=1.1028 set_tr=300 | C28: =喷嘴参数!V15 -> header set_bp0=-592.33 set_bp1=907.93 set_bp2=-487.68 set_bp3=113.34 set_bp4=-8.7615 purge_time=120 | D28: =喷嘴参数!W15 -> header set_nozzle=1 set_gerr2=-1.80877 set_gerr1=20.54181 set_gerr0=-9.74048 set_s1=-0.052 set_s2=1.1028 set_tr=300 set_v1=0.4644 set_v2=3195
A29: =喷嘴参数!A16 -> G23_PILOT_002 | B29: =喷嘴参数!U16 -> header set_nozzle=0 set_gerr2=-0.1854216250807 set_gerr1=1.9169680267538 set_gerr0=-1.40999305747901 set_s1=-0.052 set_s2=1.1028 set_tr=300 | C29: =喷嘴参数!V16 -> header set_bp0=-1080.90411587727 set_bp1=1478.81013841609 set_bp2=-725.114797601548 set_bp3=154.407451582234 set_bp4=-11.2516489823773 purge_time=120 | D29: =喷嘴参数!W16 -> header set_nozzle=1 set_gerr2=-4.56576101906463 set_gerr1=44.3044554485287 set_gerr0=-57.4360388120656 set_s1=-0.052 set_s2=1.1028 set_tr=300 set_v1=0.4644 set_v2=3170
A30: =喷嘴参数!A17 -> G23_PILOT_003 | B30: =喷嘴参数!U17 -> header set_nozzle=0 set_gerr2=-0.480905948551373 set_gerr1=4.65347670238517 set_gerr0=-1.49310550768043 set_s1=-0.052 set_s2=1.1028 set_tr=300 | C30: =喷嘴参数!V17 -> header set_bp0=-1453.5292052402 set_bp1=1947.96456055809 set_bp2=-938.625579471547 set_bp3=195.661233100399 set_bp4=-14.1061830111192 purge_time=120 | D30: =喷嘴参数!W17 -> header set_nozzle=1 set_gerr2=-4.32904258610302 set_gerr1=42.0707378762887 set_gerr0=-51.5518589303579 set_s1=-0.052 set_s2=1.1028 set_tr=300 set_v1=0.4644 set_v2=3189
A31: =喷嘴参数!A18 -> G23_PILOT_001_改喷嘴 | B31: =喷嘴参数!U18 -> header set_nozzle=0 set_gerr2=-0.619384839581601 set_gerr1=6.00346336710397 set_gerr0=-2.33307265026052 set_s1=-0.052 set_s2=1.1028 set_tr=300 | C31: =喷嘴参数!V18 -> header set_bp0=-208.778662860889 set_bp1=409.729450057385 set_bp2=-259.41613826665 set_bp3=68.6443991098254 set_bp4=-5.51095019188687 purge_time=120 | D31: =喷嘴参数!W18 -> header set_nozzle=1 set_gerr2=-2.05063 set_gerr1=22.54856 set_gerr0=-10.3344 set_s1=-0.052 set_s2=1.1028 set_tr=300 set_v1=0.4644 set_v2=3195
A32: =喷嘴参数!A19 -> G23_PILOT_002_改喷嘴 | B32: =喷嘴参数!U19 -> header set_nozzle=0 set_gerr2=-0.328626755835232 set_gerr1=3.31414433748488 set_gerr0=-0.832538239980768 set_s1=-0.052 set_s2=1.1028 set_tr=300 | C32: =喷嘴参数!V19 -> header set_bp0=-174.12568249368 set_bp1=353.78002402822 set_bp2=-231.015593518699 set_bp3=63.126969122864 set_bp4=-5.17910969622423 purge_time=120 | D32: =喷嘴参数!W19 -> header set_nozzle=1 set_gerr2=-4.56576101906463 set_gerr1=44.3044554485287 set_gerr0=-57.4360388120656 set_s1=-0.052 set_s2=1.1028 set_tr=300 set_v1=0.4644 set_v2=3186.451709
A33: =喷嘴参数!A20 -> G23_PILOT_004 | B33: =喷嘴参数!U20 -> header set_nozzle=0 set_gerr2=-0.394323788988331 set_gerr1=3.76040659928571 set_gerr0=-1.56521407002074 set_s1=-0.052 set_s2=1.1028 set_tr=300 | C33: =喷嘴参数!V20 -> header set_bp0=-182.363556503213 set_bp1=360.830904566161 set_bp2=-231.519626114067 set_bp3=61.8417356214756 set_bp4=-4.99454374301303 purge_time=120 | D33: =喷嘴参数!W20 -> header set_nozzle=1 set_gerr2=-4.44863451897649 set_gerr1=43.1960207017044 set_gerr0=-53.9063435518526 set_s1=-0.052 set_s2=1.1028 set_tr=300 set_v1=0.4644 set_v2=3153.720168
A34: =喷嘴参数!A21 -> G23_PILOT_006 | B34: =喷嘴参数!U21 -> header set_nozzle=0 set_gerr2=-0.304156608089993 set_gerr1=3.37550362050009 set_gerr0=-1.41381991991565 set_s1=-0.052 set_s2=1.1028 set_tr=300 | C34: =喷嘴参数!V21 -> header set_bp0=-185.68923944104 set_bp1=368.0917493855 set_bp2=-236.951963487812 set_bp3=63.5675500144208 set_bp4=-5.17598489451577 purge_time=120 | D34: =喷嘴参数!W21 -> header set_nozzle=1 set_gerr2=-2.6703658876088 set_gerr1=27.2516946445483 set_gerr0=-19.7944081455669 set_s1=-0.052 set_s2=1.1028 set_tr=300 set_v1=0.4644 set_v2=3170.296886
A35: =喷嘴参数!A22 -> G23_PILOT_008 | B35: =喷嘴参数!U22 -> header set_nozzle=0 set_gerr2=-0.240139283537276 set_gerr1=2.9093504149719 set_gerr0=-0.517189135924653 set_s1=-0.052 set_s2=1.1028 set_tr=300 | C35: =喷嘴参数!V22 -> header set_bp0=-186.177106780405 set_bp1=368.495099595798 set_bp2=-237.580612005222 set_bp3=63.8438030364117 set_bp4=-5.21239892175003 purge_time=120 | D35: =喷嘴参数!W22 -> header set_nozzle=1 set_gerr2=-2.4487720018934 set_gerr1=25.3110623290802 set_gerr0=-15.9227067368693 set_s1=-0.052 set_s2=1.1028 set_tr=300 set_v1=0.4644 set_v2=3143.241576
